id;first_name;last_name;email;gender;address
2f634bd0-c262-46cf-8240-963942bb8ff9;Ludovico;Kelberman;lkelberman0@devhub.com;Male;4466 Crowley Plaza
7ba24d0b-6f1b-453f-aa58-4921b616ed52;Basia;Landes;blandes1@theguardian.com;Female;17 Ridge Oak Center
232638ed-f3bf-433e-b9b3-e5acb0b54d82;Morey;Japp;mjapp2@phoca.cz;Male;98505 Pond Way
653ed1ea-c0a4-4c42-83dc-52a53943ae3b;Eustacia;Gegg;egegg3@tiny.cc;Female;2751 Logan Junction
ce1958d9-3cee-44a7-830e-8fc78308693c;Bradan;Casbolt;bcasbolt4@patch.com;Male;66180 Warner Avenue
d02ae33f-227e-43f4-84f2-3cb174a9b182;Austina;Bathurst;abathurst5@youtu.be;Female;42 Troy Lane
8bd7fa05-045a-4788-806e-e67e8db05f98;Brianna;Stuffins;bstuffins6@t-online.de;Female;7 Judy Place
d06a2fe4-c888-4357-81c8-dd9a41b76bea;Clarinda;Redier;credier7@indiatimes.com;Genderfluid;36452 Lillian Avenue
55a7cf84-ea12-4619-b48a-0a00c7f0b415;Phyllida;Paton;ppaton8@wordpress.org;Female;9 Washington Pass
5cc3efea-0316-4697-abd4-8042883dd9bc;Willy;Chainey;wchainey9@w3.org;Female;36 Basil Avenue
39ac8c80-a62b-43d4-844a-c02c6f080748;Barton;Halston;bhalstona@sogou.com;Male;77 Westridge Avenue
7d2c699a-c78e-4465-86de-78a09f257419;Michal;Kuban;mkubanb@army.mil;Female;06662 Cardinal Street
bf19de1d-3711-41cf-9dfd-148ace550459;Elise;Pittaway;epittawayc@senate.gov;Female;8 Myrtle Hill
883bbabe-b466-42af-a0ea-90ad8b184ffe;Anatollo;Peirson;apeirsond@jugem.jp;Male;19713 Springview Park
ad2fa225-ab32-499b-ada0-101301559726;Winslow;Duffyn;wduffyne@ebay.com;Male;675 Graedel Street
a2049d3e-152a-446e-a233-09aba6aab344;Misty;Chicken;mchickenf@instagram.com;Female;7 Dayton Street
fb3b6ff9-5360-4563-85f5-2da2a3f0ecbf;Anestassia;Roycroft;aroycroftg@1688.com;Female;2 Upham Drive
f5910e32-5794-4a63-949c-063670f8c9bd;Oralia;L' Estrange;olestrangeh@delicious.com;Female;24461 Westend Pass
cbb4b8a0-23e6-4dd1-8e4a-9475ea2eb13c;Carey;Ventam;cventami@cafepress.com;Female;222 Bay Circle
61140306-d81d-464f-8276-ff7e5beef977;Granny;Vannuchi;gvannuchij@youku.com;Male;7 Beilfuss Pass
cbaa3478-ae64-49b3-a39e-0fd52799b232;Matthus;Dewfall;mdewfallk@un.org;Male;97231 Dawn Place
5f3387d9-e128-4b71-bdd0-36bf85cdabc4;Randee;Simounet;rsimounetl@pinterest.com;Female;6 Algoma Way
3364b8a8-5d04-413b-8ca3-86ae7d43d0ce;Armin;Shoreson;ashoresonm@zimbio.com;Male;14485 Manufacturers Terrace
2a4324f9-f428-4be3-8e01-77be4b5d978d;Eirena;Durbann;edurbannn@youtube.com;Female;6 Stone Corner Terrace
125ed2fd-cba8-40ad-ab37-5b268d5bda4b;Cosme;Lude;cludeo@yellowpages.com;Male;2718 Lake View Avenue
42db6d47-392e-4547-8159-54c699399f24;Archibaldo;Gostridge;agostridgep@mit.edu;Male;9847 Eliot Trail
b3d0a80e-99bf-4e91-b0a8-7d37bb84ba95;Kristofor;Kill;kkillq@smugmug.com;Male;75 Lien Street
11a3d452-09f6-4f8b-a1a2-0a8b294916cd;Jeremiah;Penvarne;jpenvarner@europa.eu;Male;36685 Lien Way
d5cedc7d-6491-4ea9-a15b-ee75b3bd87b9;Worthington;MacRierie;wmacrieries@techcrunch.com;Male;31352 Hollow Ridge Parkway
f7b6dd48-9d50-4ef6-9488-0d0ac57dedf4;Clemente;Gabbitas;cgabbitast@dyndns.org;Male;01686 Talisman Drive
fa989406-9b20-4253-be0c-e65ba44f234f;Gwenneth;Emmines;gemminesu@craigslist.org;Female;2 Acker Park
7a6d299e-94b0-4d6f-b5cf-98d2c307d7a7;Lodovico;Igoe;ligoev@simplemachines.org;Male;39323 Westerfield Road
b6175597-50fd-419f-981c-1b11e2d28635;Evania;Bradane;ebradanew@harvard.edu;Female;51 Farragut Street
6c5bdb67-3d02-4e94-aa4e-ca5bd8ae698a;Waverly;Somers;wsomersx@ca.gov;Male;1 Charing Cross Way
2b6903ae-43ff-4e6b-8b02-7392c417b8ae;Art;MacColgan;amaccolgany@slashdot.org;Male;00 Beilfuss Place
caea0ddc-afda-4f89-b02f-97f8b1908b61;Reynold;Medforth;rmedforthz@furl.net;Male;84 Northridge Lane
46243cc0-5ce3-4a87-a801-c1c07c903486;Hayes;Radbond;hradbond10@usda.gov;Male;8534 Golf View Alley
d62db56e-6958-4c66-828c-49c8dc5ea724;Bard;Whilde;bwhilde11@digg.com;Male;69 Kedzie Place
16b523ad-c69a-41a8-81f6-1deb7808f018;Amberly;Kelland;akelland12@sciencedirect.com;Female;2753 Upham Drive
7c2d41d4-a592-462a-8b63-86fc13c30737;Felice;Glitherow;fglitherow13@pagesperso-orange.fr;Female;603 Bluejay Road
c8e0b0c0-3ccf-4c7b-a06c-f046eb4514aa;Kacy;Abreheart;kabreheart14@sbwire.com;Female;4204 Hooker Court
ccbd9616-18cb-4291-aafb-4929130fadd1;Jereme;Millery;jmillery15@seesaa.net;Male;6 Arapahoe Plaza
2e7de8b9-aa26-42de-b839-83f67bab949f;Rosabella;Peartree;rpeartree16@theglobeandmail.com;Female;53 Hallows Place
6356e99f-be63-4a3b-bbc9-45cada611824;Gabriel;Goodfellowe;ggoodfellowe17@storify.com;Male;73080 Duke Center
a9b52735-11a1-4439-b16b-0bcc9162335f;Kirbie;Lattimore;klattimore18@ibm.com;Female;40 Burrows Trail
6b7d27ab-2ebb-4a00-b0d2-d53fe3bc5f6f;Kevan;Pomfret;kpomfret19@uol.com.br;Male;8506 Eggendart Lane
cd3b8edf-14f3-4408-8b0e-824b32fcbb0b;Xenia;Turfus;xturfus1a@tripod.com;Non-binary;3 Ridgeview Court
375a36c6-7816-4739-bcca-3ad2de2dbe09;Donnie;Thams;dthams1b@cisco.com;Female;16 Summerview Plaza
4832fd43-ec52-4673-821d-f06e8b048228;Sammie;Bilbery;sbilbery1c@sciencedaily.com;Male;36 Lawn Park
d4eab30d-d298-44c4-b36c-f4da2b1110cf;Ilse;Ludee;iludee1d@pcworld.com;Female;41670 Utah Parkway
d5adb6c1-c628-4f2e-9afc-807be292fb3a;Angelita;Petzold;apetzold1e@foxnews.com;Female;5136 Sage Plaza
81789ecd-ed2d-47cb-b54b-b691d54b0f05;Andris;Errowe;aerrowe1f@java.com;Male;27 Arkansas Street
db75f4d3-8677-4c9e-ad3a-92098cf14baa;Gabi;Havard;ghavard1g@wired.com;Male;45618 Shasta Center
2cdb43e2-8876-42a7-831e-caf0922d9df8;Kerstin;Passler;kpassler1h@wix.com;Bigender;88 Browning Lane
864582dd-eefd-446d-960b-241bb0629262;Tierney;McPolin;tmcpolin1i@army.mil;Agender;74306 Fairview Avenue
3915517c-aecc-4206-8096-e9b6e816ad1d;Haroun;Pepler;hpepler1j@craigslist.org;Male;9 Mallard Point
88876a8d-c5f8-4170-8c47-e3188a101222;Connie;Stuehmeyer;cstuehmeyer1k@pbs.org;Female;9074 Florence Trail
50357bc5-1cc0-4e61-84b7-ae288126120e;Farand;Estcourt;festcourt1l@google.ca;Female;792 Gale Avenue
254d69f3-b39a-405b-b791-b303a86a5ece;Perren;Gutans;pgutans1m@ca.gov;Male;7542 Rusk Parkway
c867b492-0f9f-4a78-92aa-4f6fde91a210;Tedd;Kennion;tkennion1n@go.com;Male;8 Dunning Drive
21d97a51-9fb7-456b-a0c3-91192b2b44c1;Constanta;Layfield;clayfield1o@samsung.com;Female;70 Washington Avenue
8bfc55e9-4c63-443e-896f-2097eb063805;Loy;Adess;ladess1p@list-manage.com;Male;4 Reindahl Lane
48f488a8-cf02-4818-b965-7249bccab3ac;Eugenius;Edelmann;eedelmann1q@feedburner.com;Male;54367 Birchwood Center
381b050b-b0f1-4791-8129-61c6ac099c9b;Kayle;Casaroli;kcasaroli1r@mayoclinic.com;Female;636 Weeping Birch Street
e9dd450e-1221-4e91-b291-31cef8e95209;Florida;McIntee;fmcintee1s@huffingtonpost.com;Female;03869 Hermina Road
5338f8a8-f005-43cb-8cd8-9e62a1cc8e82;Iver;Finley;ifinley1t@php.net;Male;42192 Sundown Court
6c72dee9-2d1a-4d8e-ac78-349d4a8ca680;Fallon;Bruckenthal;fbruckenthal1u@icq.com;Female;2 Lawn Trail
a49907e4-a60f-4d50-9194-e44fb72b7983;Milo;Gawke;mgawke1v@mozilla.com;Male;6495 Saint Paul Point
4d9b004e-a102-4702-9b5a-8de861c0f321;Tilda;Vipan;tvipan1w@uiuc.edu;Female;00 Roth Way
11a729ac-e95e-4801-8443-f5f23032ffe4;Lindi;Beinke;lbeinke1x@mozilla.com;Female;12339 Waubesa Court
93ec6e04-275f-42fd-ae7c-113b6684837f;Ed;Tavernor;etavernor1y@chron.com;Male;9 Judy Center
59d720e3-86fa-4abb-aa1a-8e1154e0b023;Johny;Seid;jseid1z@last.fm;Male;2673 Mendota Park
d93c3b6f-aa06-4f67-b93e-ef13ca16c4bf;Burt;Fones;bfones20@va.gov;Male;59877 Nevada Avenue
d478feb7-b9de-455e-bc25-84fc6e2c044e;Clair;Turbill;cturbill21@xing.com;Male;5 Maple Terrace
ece860c8-9630-4533-a051-8fa0182cd451;Inness;Bleackly;ibleackly22@comsenz.com;Male;739 Warrior Drive
ce46c69f-fe38-4466-8450-65d2eae4ef4b;Andreas;Brikner;abrikner23@nytimes.com;Male;66843 Mallard Street
74294885-5eaa-4088-9053-a873b8b39f47;Levon;Sawkins;lsawkins24@opera.com;Male;08 Elgar Way
7477bcaf-a163-45b1-8eed-4d893756144c;Cecilius;Berrisford;cberrisford25@spiegel.de;Male;90 Duke Pass
5d7f5dbd-2ec4-4f2b-b4aa-cf6155f93df9;Lara;Philipsson;lphilipsson26@discovery.com;Female;3791 Nelson Lane
6e218037-5468-4df1-a2fa-2996cb830d8f;Orelie;Honeyghan;ohoneyghan27@studiopress.com;Female;93417 Village Green Way
544361f3-60bc-4395-9f70-75ee0f398e65;Claiborne;Bowick;cbowick28@irs.gov;Male;631 Loftsgordon Crossing
f466c3a2-bca0-45a3-a2e6-723a91d7ba75;Rogers;Felstead;rfelstead29@chicagotribune.com;Male;49202 Lighthouse Bay Court
d5c38eb3-a34f-4f6b-8184-5d47be55c9b4;Kass;Walak;kwalak2a@hud.gov;Female;002 Gulseth Terrace
803872eb-1ed7-4da5-8a64-b6988a047194;Orv;Starsmeare;ostarsmeare2b@walmart.com;Male;2 Towne Lane
6d0fafb6-3ea4-4d62-b350-80ea899232a6;Demetri;Shipston;dshipston2c@ning.com;Male;15 Loftsgordon Circle
ecc4e8f9-2071-4e2f-87b5-0175fff5b3c7;Boony;Letessier;bletessier2d@ovh.net;Male;9609 Sunfield Terrace
13f6a3de-f7c6-4462-9d42-c443bf967be5;Juieta;Giannotti;jgiannotti2e@cisco.com;Female;532 Atwood Junction
fccf9e63-ee3e-4018-a476-b1e1201221e1;Domenico;Bullier;dbullier2f@earthlink.net;Male;58718 Prairieview Avenue
8a5944fd-3b1e-4d0d-b731-cf78b25d6189;Pattin;Smithe;psmithe2g@123-reg.co.uk;Male;0226 Carey Place
bc197f54-5939-4b00-9462-1d1501789c7c;Manny;Odom;modom2h@technorati.com;Male;46 Stone Corner Road
2453d2fc-6540-4ade-97b0-596bb90cf837;Bale;Battison;bbattison2i@comcast.net;Male;7925 Di Loreto Parkway
32f6e843-0109-45d8-9833-a038fbd32985;Ade;Mereweather;amereweather2j@1688.com;Male;86896 Knutson Place
2c56406b-fb98-423d-ac53-164f7e636da9;Warden;Cassella;wcassella2k@bravesites.com;Male;94117 Vernon Hill
a1dd7d21-52f7-404b-aa33-7e80b3ccf6c4;Clim;Looks;clooks2l@pbs.org;Male;404 Chive Way
2a4fc5d3-2958-4704-b3a2-edc521c7bbbb;Astrid;Roman;aroman2m@usa.gov;Female;39365 5th Drive
a9d7b75a-1da2-484d-90b0-7b89646a0b90;Alexis;Wollaston;awollaston2n@twitpic.com;Male;45 Sutherland Center
71b176a3-27bc-418b-a6a3-de0583b022a8;Patrizio;Ballance;pballance2o@it.com;Male;562 Clyde Gallagher Park
11c6c642-b8f5-4be6-bd91-e1c1ba95cf0b;Eddy;Tooke;etooke2p@ocn.ne.jp;Male;71 Hollow Ridge Trail
26db3b4a-d74f-44f3-b285-c41546e66ec7;Thor;Elliott;telliott2q@slashdot.org;Male;6 Center Road
64d1aacf-286a-4818-8ca2-ee8e84c4382b;Gregorio;Rossander;grossander2r@fda.gov;Male;9347 Kropf Point
a8c8f5b9-59d6-40bf-b2ff-f515e3ea01b4;Chet;Renon;crenon2s@berkeley.edu;Male;133 Bluejay Crossing
b3c32279-ce1c-4718-8fb5-676af1182968;Had;Yeandel;hyeandel2t@mapquest.com;Male;6 Golf Course Plaza
bf7c458c-c691-4bd0-bce2-3c2133a6cd97;Wenona;Pither;wpither2u@craigslist.org;Non-binary;0221 Manley Park
55b13218-3667-409e-a55d-b6349404c1c0;Ardelia;Cusiter;acusiter2v@infoseek.co.jp;Female;03499 Crest Line Junction
5a8ecf12-13ea-4cbd-a4dc-3cdf8a66b394;Hyatt;Ambrosini;hambrosini2w@mapquest.com;Male;0939 Judy Point
b0348cb8-9f0b-4c3b-bf56-5d1d060098f6;Lowrance;Crippell;lcrippell2x@europa.eu;Male;514 Maryland Drive
5bbf646d-2e6a-462f-9d86-b3552d9f4785;Shermy;Rozzell;srozzell2y@google.cn;Male;01370 Charing Cross Alley
6385adc0-40ee-4e68-89f6-00914182c069;Lotti;Swaffield;lswaffield2z@t.co;Female;58 Forest Dale Place
1b5c926e-7362-468c-89e8-8083ff7a5881;Clarence;Ruppele;cruppele30@zimbio.com;Male;1 Porter Trail
0903d54b-45e9-4bdf-8e89-7bfa17e6762b;Elka;Ornillos;eornillos31@irs.gov;Female;942 Gina Street
f0db6be2-9000-4afa-8026-6b445a1806ef;Heriberto;Oloshin;holoshin32@nba.com;Polygender;94 Merrick Alley
b3f039ab-fc5f-45d6-afb3-ae68ffe251d3;Thaddus;Gaiger;tgaiger33@google.cn;Male;8445 Heath Street
26f442bf-aef1-4112-9a61-db014e80a3a0;Guinevere;Baylis;gbaylis34@fc2.com;Female;1 Bobwhite Court
62e3ab11-f858-4b0e-8716-744c22297a57;Hatti;Saich;hsaich35@dropbox.com;Female;2615 Del Sol Trail
b4122c0f-387f-4606-a553-2a1772210d5c;Eudora;Rudloff;erudloff36@goo.ne.jp;Female;10443 Cambridge Way
32aa0b25-eee6-44a2-a4fb-cdc60077ac45;Tish;Torpie;ttorpie37@phoca.cz;Female;034 Buena Vista Street
440470f3-3718-4058-985b-b23c6a095a09;Arnaldo;Jansens;ajansens38@digg.com;Genderqueer;08 Esch Hill
e93d296d-20fd-49ef-b352-7273343cd155;Brien;Mattiacci;bmattiacci39@samsung.com;Agender;378 Prairieview Way
b2650389-19ef-448a-8a08-1c2ffe9e10ee;Bartram;Keiling;bkeiling3a@jimdo.com;Male;81 Algoma Street
09e69aca-e435-43bc-bdc9-47ce1c631d8f;Kippy;Longhirst;klonghirst3b@seesaa.net;Female;87099 Dakota Hill
8ee602d1-88c6-40ad-8415-8bee0ef6d27c;Sharity;Haywood;shaywood3c@state.gov;Female;15515 Anniversary Place
4812d3f1-42dc-426d-a6bb-0d7127e944c0;Raimund;Weakley;rweakley3d@washington.edu;Male;287 Sloan Junction
b57e328b-48e0-4039-a0cc-80e45fd56e7d;Emmey;Authers;eauthers3e@time.com;Female;9 Butternut Circle
7f363f8c-71ce-44a3-9502-add108689cde;Gerrie;Bussetti;gbussetti3f@goo.gl;Female;444 Dexter Center
dfa4d3ee-a7a0-42d8-a79e-2bbd53031f28;Gilly;Sarjant;gsarjant3g@nasa.gov;Female;72 Ludington Junction
9b2b5679-c7d4-4308-95b7-c3257a7da369;Kath;Downie;kdownie3h@ehow.com;Female;280 Sundown Drive
d216a7b8-cb8f-45e3-8855-67f952d97ce7;Marcus;Cullotey;mcullotey3i@cdc.gov;Male;322 Havey Court
76c0db58-22b3-43c4-84c2-56612f0a86eb;Mandy;Ramsbotham;mramsbotham3j@people.com.cn;Genderqueer;004 Sachtjen Place
99b696c8-56e0-4935-ba56-fdbc785f2551;Rudolph;Vasilyonok;rvasilyonok3k@digg.com;Male;822 Twin Pines Lane
8c11a4d9-a8cb-4a45-bd28-683b4945656e;Margareta;Bold;mbold3l@typepad.com;Female;1 Spohn Park
4a6ba000-1848-400a-8ddf-204e725f59ba;Mercedes;Marchiso;mmarchiso3m@usnews.com;Female;90 Del Sol Trail
b6d46dd9-1e33-4941-ac77-d9b8f15a906e;Guinna;Emmatt;gemmatt3n@google.co.jp;Female;9632 Mariners Cove Avenue
d32d182a-4896-44ee-b784-9f7aaf57cb52;Fabien;Yeudall;fyeudall3o@tmall.com;Male;4 Kipling Avenue
4db27cb4-caf2-4012-8cc8-5424ab147aa5;Aigneis;Moro;amoro3p@wikia.com;Genderfluid;01132 Rockefeller Crossing
5213c925-08b5-4dfd-ade3-9d02a85ed241;Ally;Bahl;abahl3q@fema.gov;Polygender;548 Prentice Way
36415db8-b225-4d60-8696-41a0d1795e20;Nils;Gruszka;ngruszka3s@ftc.gov;Male;6441 Arrowood Trail
cda45516-ad3f-464d-92be-7e4d0a8eea40;Rodina;Hooke;rhooke3t@cocolog-nifty.com;Female;86560 Springview Pass
ea78ac66-0c64-46aa-96fd-1eb905865cb9;Fredric;Ecob;fecob3u@epa.gov;Male;023 Dahle Plaza
877d4bae-7c9a-4ff7-8cbd-a91801355c42;Powell;Dowers;pdowers3v@comsenz.com;Male;04 Tomscot Point
05a8f32f-f456-4e38-886f-cbcb6cc5c9da;Caril;Robiot;crobiot3w@jimdo.com;Female;0 Acker Place
253bac91-1770-448a-9b24-63803304d874;Saunder;Rohmer;srohmer3x@typepad.com;Male;053 Lukken Place
5bba7b9d-1fc5-40fe-9f3c-d0e46724bed0;Van;McKall;vmckall3y@umich.edu;Male;4 Cordelia Plaza
5cbdd5e3-1731-4d8e-b609-9808fff7134e;Henrieta;Meert;hmeert3z@ycombinator.com;Female;99399 Corscot Hill
484b6a86-193d-4e3e-bf93-0725b5c42807;Elissa;Storck;estorck40@opera.com;Genderqueer;5 Esker Drive
aa8c783b-defc-424c-8208-8458c88791e0;Winona;Cadigan;wcadigan41@miitbeian.gov.cn;Female;3972 Helena Road
31696544-36d5-40b4-be80-bce9253b5889;Mayer;McKie;mmckie42@soup.io;Male;7 Sommers Terrace
c9a17223-39ad-4819-b5df-cde0aca10a37;Adora;Heap;aheap43@time.com;Female;8977 Fulton Parkway
6404ebe4-0ccd-4316-b59a-73adc006dd49;Cortie;Petrello;cpetrello44@a8.net;Male;242 Lakeland Alley
33446840-2608-4a85-a112-278e0746117a;Chantalle;Newband;cnewband45@ezinearticles.com;Female;9 La Follette Crossing
2ec3ac9e-10ce-4afa-be11-90c8e96d431b;Eugenia;Aspinell;easpinell46@wordpress.com;Agender;5970 Oak Valley Center
f25b30bc-eb31-4513-be49-1cdae2d60192;Sigismond;Szapiro;sszapiro47@is.gd;Male;963 Gina Way
7f87671e-69cc-4915-92e8-933b114a6e77;Susana;Isacoff;sisacoff48@booking.com;Female;79 3rd Hill
6c50ebf5-137e-424a-b05a-a3810b7efd7c;Janine;Barrowcliff;jbarrowcliff49@123-reg.co.uk;Female;190 Paget Parkway
9680e768-d37a-49a1-9ce8-f74ba5fbda1d;Reinwald;Pardy;rpardy4a@networkadvertising.org;Male;914 Tomscot Parkway
e0b09c62-bb56-4060-8552-3f818fff9e55;Susan;Delahunty;sdelahunty4b@blog.com;Female;46592 Park Meadow Street
0f13594b-1aec-4949-b237-f1ba138d80e3;Yurik;Finch;yfinch4c@cdbaby.com;Male;54 Manitowish Road
80d490d1-5551-45e6-bc65-57acb1258c46;Rebeca;Vautrey;rvautrey4d@dell.com;Female;8409 Glendale Court
09b72353-984d-48d9-a739-3c10a916a4fb;Karee;Tilmouth;ktilmouth4e@elpais.com;Female;4241 Mitchell Pass
035c021a-2556-494b-b185-085496db48d7;Andeee;Screeton;ascreeton4f@hc360.com;Female;03659 Shasta Court
22314e57-15cb-4cc7-bbbd-ee92ce2e9ff0;Arri;Bourget;abourget4g@4shared.com;Male;24480 Rowland Plaza
d5db74ed-e188-4ef6-90e2-a57e87a8d5c3;Rheba;Winsiowiecki;rwinsiowiecki4h@sina.com.cn;Female;3683 Nevada Junction
5c8fa31e-bdad-46ac-ada7-13777df1d3e5;Vivie;Maclean;vmaclean4i@google.nl;Polygender;68 Towne Hill
c2a94600-f4e8-48b9-b924-88edd897ae3a;Kala;Ord;kord4j@163.com;Female;47191 Eastwood Trail
0a18c73e-a721-4d94-9adc-09cfb3685ffb;Jacynth;Capelin;jcapelin4k@ning.com;Female;78 Dahle Court
0474a4aa-9144-48ba-8dae-41d11e1a70f0;Westley;Helliar;whelliar4l@cyberchimps.com;Male;07 Melody Crossing
702dae5e-1cc0-4f54-a595-444887e52505;Goldy;Paulino;gpaulino4m@walmart.com;Female;9681 Bashford Drive
6bf61ff4-d03a-41ed-9f12-5129a9c06b68;Clive;Loiterton;cloiterton4n@devhub.com;Male;99 Shelley Alley
8a51e612-ed8b-4985-8766-5b348ece3749;Waite;Hadenton;whadenton4o@icq.com;Male;4337 Larry Point
8feaeec2-b048-4281-8755-e3ee9490cfd7;Antons;Heditch;aheditch4p@wiley.com;Male;3 Mallard Way
65bf105e-beac-4a80-ac6f-cb392dfb9e28;Andrus;Woodyatt;awoodyatt4q@washingtonpost.com;Male;45135 Tennessee Parkway
cbb49666-7409-412e-9d6c-104ea2035fd9;Jessamine;Downage;jdownage4r@naver.com;Female;4677 Moose Avenue
f196692e-8d2d-4f77-af2c-153a150df035;Robinson;Mealing;rmealing4s@yale.edu;Male;9 Logan Park
406f0a7b-3448-490e-8918-d2e885c8d57b;Benn;Paolicchi;bpaolicchi4t@disqus.com;Male;9351 West Lane
488fefae-bbab-46b2-b49b-639c582ec10c;Biddy;Wille;bwille4u@theatlantic.com;Female;863 Northfield Center
1153af55-dd60-4799-96a1-da9a74cbd7dd;Dori;Geldard;dgeldard4v@huffingtonpost.com;Female;5999 Elmside Road
45747f19-8b1e-4f12-9fa4-256b8b1b2434;Arlan;Pales;apales4w@opensource.org;Male;5380 Erie Hill
f73309b3-0014-4c52-9978-c992b8a2ecec;Dorthea;Ransfield;dransfield4x@qq.com;Female;16 Melby Plaza
c6cad9cf-4fac-4dca-9ce2-c3fb3b9c1a4b;Salomi;Shieldon;sshieldon4y@t-online.de;Female;6190 Summer Ridge Hill
024d29f7-4bc9-40e0-9291-dd5550da75e1;Rozalin;Sherville;rsherville4z@usa.gov;Female;0535 Mosinee Avenue
46c7f0b4-efaf-4c4b-8dee-cd88f1939b9f;Paulie;Nottram;pnottram50@marriott.com;Female;570 Debra Center
3cb63611-cdf6-4ffb-9802-79f7e76a18ef;Chuck;Basnett;cbasnett51@washingtonpost.com;Male;58964 Daystar Parkway
3557d1f2-a2d0-4e29-9b74-e98b0f0d29a6;Maurizia;DeSousa;mdesousa52@boston.com;Female;6 Carey Parkway
11b93e96-c394-4b70-89c2-84c4cda1be7b;Seana;Bessom;sbessom53@fda.gov;Female;51 Lawn Drive
f7e431b6-fb86-4d50-bc6d-d2818a211d05;Norrie;Olman;nolman54@admin.ch;Female;96654 Elka Park
2fa22bb5-9af0-472e-b1fe-0a665b1435fc;Gabey;Kobel;gkobel55@sohu.com;Polygender;70885 Muir Drive
5d33d733-a738-4289-bda4-feec12b8cbde;Keefer;Smiz;ksmiz56@ft.com;Male;3 Riverside Terrace
7f336994-d810-449c-97e5-6212e6af088a;Jacques;Craghead;jcraghead57@wix.com;Non-binary;75464 Grim Lane
072d59cd-b97b-4339-9e9c-e05d817d8446;Dugald;Mabbitt;dmabbitt58@1und1.de;Male;9 Toban Place
2923994e-70f5-4d20-bad0-86d0827bd361;Patsy;Beagan;pbeagan5a@goo.gl;Female;5493 Dovetail Crossing
6838c2bf-507e-4099-b377-7f5aa9a64103;Al;Fairtlough;afairtlough5b@lycos.com;Genderfluid;48376 Maple Wood Alley
8e4625ed-5ab8-49a5-ba15-ea4e438bb6a5;Lurleen;Jessopp;ljessopp5c@apache.org;Female;8975 Blackbird Circle
bc3f8de6-cd9d-431a-9470-37a549cf44c8;Hedwiga;Hadlington;hhadlington5d@china.com.cn;Female;9794 Mesta Crossing
1e1163f1-f97a-4157-abde-3fe0ae2de577;Eveleen;Ridhole;eridhole5e@diigo.com;Female;719 Forest Road
33235835-06d5-4ffa-86b4-d17b3f79a64d;Tandi;Winslet;twinslet5f@amazon.co.uk;Female;604 Karstens Way
9831a03c-60af-4e87-8195-0711a8f9d866;Zach;Westhead;zwesthead5g@zdnet.com;Male;7648 Maryland Center
899097f7-1699-4ea3-abf0-399f5119879f;Dru;Vettore;dvettore5h@de.vu;Female;07 Ronald Regan Hill
793e5e7e-2ebe-4d46-840c-d17e26183d0d;Free;Woodham;fwoodham5i@google.co.jp;Male;8784 Oxford Junction